ticker,company_name,sector,predicted_compliant,prob_compliant,prob_non_compliant,prediction_confidence,actual_compliant,correct_prediction
AALI_0,AALI Corp 0,Palm Oil,1,0.764841,0.23515898,0.764841,1,True
AALI_1,AALI Corp 1,Palm Oil,1,0.72319937,0.27680063,0.72319937,1,True
AALI_2,AALI Corp 2,Palm Oil,1,0.73980033,0.26019967,0.73980033,1,True
AALI_3,AALI Corp 3,Palm Oil,1,0.71139514,0.28860486,0.71139514,0,False
AALI_4,AALI Corp 4,Palm Oil,1,0.7815268,0.2184732,0.7815268,1,True
AALI_5,AALI Corp 5,Palm Oil,1,0.7925154,0.2074846,0.7925154,1,True
AALI_6,AALI Corp 6,Palm Oil,1,0.7792699,0.22073013,0.7792699,1,True
AALI_7,AALI Corp 7,Palm Oil,1,0.7392039,0.26079613,0.7392039,1,True
AALI_8,AALI Corp 8,Palm Oil,1,0.73515373,0.26484627,0.73515373,1,True
AALI_9,AALI Corp 9,Palm Oil,1,0.7939484,0.20605159,0.7939484,1,True
AALI_10,AALI Corp 10,Palm Oil,1,0.8026224,0.19737762,0.8026224,1,True
AALI_11,AALI Corp 11,Palm Oil,1,0.72866976,0.27133024,0.72866976,1,True
AALI_12,AALI Corp 12,Palm Oil,1,0.64887565,0.35112435,0.64887565,1,True
AALI_13,AALI Corp 13,Palm Oil,1,0.7679878,0.23201221,0.7679878,1,True
AALI_14,AALI Corp 14,Palm Oil,1,0.73222804,0.26777196,0.73222804,1,True
AALI_15,AALI Corp 15,Palm Oil,1,0.8114089,0.18859112,0.8114089,1,True
ANTM_0,ANTM Corp 0,Mining,1,0.78277695,0.21722305,0.78277695,1,True
ANTM_1,ANTM Corp 1,Mining,1,0.7642281,0.2357719,0.7642281,1,True
ANTM_2,ANTM Corp 2,Mining,1,0.8064808,0.19351918,0.8064808,1,True
ANTM_3,ANTM Corp 3,Mining,1,0.79375136,0.20624864,0.79375136,1,True
ANTM_4,ANTM Corp 4,Mining,1,0.7285993,0.2714007,0.7285993,0,False
ANTM_5,ANTM Corp 5,Mining,1,0.79637134,0.20362866,0.79637134,1,True
ANTM_6,ANTM Corp 6,Mining,1,0.7843122,0.21568781,0.7843122,1,True
ANTM_7,ANTM Corp 7,Mining,1,0.7713793,0.22862071,0.7713793,1,True
ANTM_8,ANTM Corp 8,Mining,1,0.69773406,0.30226594,0.69773406,1,True
ANTM_9,ANTM Corp 9,Mining,1,0.75382096,0.24617904,0.75382096,1,True
ANTM_10,ANTM Corp 10,Mining,1,0.7942556,0.20574439,0.7942556,1,True
ANTM_11,ANTM Corp 11,Mining,1,0.76626647,0.23373353,0.76626647,1,True
ANTM_12,ANTM Corp 12,Mining,1,0.7242579,0.2757421,0.7242579,1,True
ANTM_13,ANTM Corp 13,Mining,1,0.6705511,0.32944888,0.6705511,1,True
ANTM_14,ANTM Corp 14,Mining,1,0.74642736,0.25357264,0.74642736,1,True
ANTM_15,ANTM Corp 15,Mining,1,0.79425615,0.20574385,0.79425615,1,True
ASII_0,ASII Corp 0,Automotive,1,0.7766548,0.22334522,0.7766548,1,True
ASII_1,ASII Corp 1,Automotive,1,0.7146823,0.28531772,0.7146823,1,True
ASII_2,ASII Corp 2,Automotive,1,0.7719207,0.22807932,0.7719207,1,True
ASII_3,ASII Corp 3,Automotive,1,0.70187527,0.29812473,0.70187527,1,True
ASII_4,ASII Corp 4,Automotive,1,0.59895015,0.40104985,0.59895015,1,True
ASII_5,ASII Corp 5,Automotive,1,0.76315695,0.23684305,0.76315695,0,False
ASII_6,ASII Corp 6,Automotive,1,0.7361475,0.26385248,0.7361475,1,True
ASII_7,ASII Corp 7,Automotive,1,0.7881088,0.21189117,0.7881088,1,True
ASII_8,ASII Corp 8,Automotive,1,0.7001638,0.29983622,0.7001638,1,True
ASII_9,ASII Corp 9,Automotive,1,0.7783144,0.22168559,0.7783144,1,True
ASII_10,ASII Corp 10,Automotive,1,0.73034054,0.26965946,0.73034054,1,True
ASII_11,ASII Corp 11,Automotive,1,0.74151117,0.25848883,0.74151117,1,True
ASII_12,ASII Corp 12,Automotive,1,0.7810234,0.21897662,0.7810234,1,True
ASII_13,ASII Corp 13,Automotive,1,0.7827219,0.21727812,0.7827219,1,True
ASII_14,ASII Corp 14,Automotive,1,0.7510323,0.2489677,0.7510323,1,True
ASII_15,ASII Corp 15,Automotive,1,0.81556106,0.18443894,0.81556106,1,True
BBCA_0,BBCA Corp 0,Banking,1,0.7183047,0.2816953,0.7183047,1,True
BBCA_1,BBCA Corp 1,Banking,1,0.76431173,0.23568827,0.76431173,1,True
BBCA_2,BBCA Corp 2,Banking,1,0.76117426,0.23882574,0.76117426,1,True
BBCA_3,BBCA Corp 3,Banking,1,0.78635526,0.21364474,0.78635526,1,True
BBCA_4,BBCA Corp 4,Banking,1,0.78660816,0.21339184,0.78660816,1,True
BBCA_5,BBCA Corp 5,Banking,1,0.81002295,0.18997705,0.81002295,1,True
BBCA_6,BBCA Corp 6,Banking,1,0.7381847,0.2618153,0.7381847,1,True
BBCA_7,BBCA Corp 7,Banking,1,0.7766171,0.22338289,0.7766171,1,True
BBCA_8,BBCA Corp 8,Banking,1,0.6444367,0.35556328,0.6444367,1,True
BBCA_9,BBCA Corp 9,Banking,1,0.7287717,0.2712283,0.7287717,1,True
BBCA_10,BBCA Corp 10,Banking,1,0.543163,0.456837,0.543163,0,False
BBCA_11,BBCA Corp 11,Banking,1,0.7300934,0.26990658,0.7300934,1,True
BBCA_12,BBCA Corp 12,Banking,1,0.72557664,0.27442336,0.72557664,1,True
BBCA_13,BBCA Corp 13,Banking,1,0.7311285,0.2688715,0.7311285,1,True
BBCA_14,BBCA Corp 14,Banking,1,0.738661,0.261339,0.738661,1,True
BBCA_15,BBCA Corp 15,Banking,1,0.690283,0.309717,0.690283,1,True
BBNI_0,BBNI Corp 0,Banking,1,0.75976396,0.24023604,0.75976396,1,True
BBNI_1,BBNI Corp 1,Banking,1,0.7173349,0.28266507,0.7173349,1,True
BBNI_2,BBNI Corp 2,Banking,1,0.7466481,0.25335193,0.7466481,1,True
BBNI_3,BBNI Corp 3,Banking,1,0.67571205,0.32428795,0.67571205,1,True
BBNI_4,BBNI Corp 4,Banking,1,0.7509695,0.24903047,0.7509695,1,True
BBNI_5,BBNI Corp 5,Banking,1,0.6737102,0.32628977,0.6737102,1,True
BBNI_6,BBNI Corp 6,Banking,1,0.76659536,0.23340464,0.76659536,1,True
BBNI_7,BBNI Corp 7,Banking,1,0.6569631,0.3430369,0.6569631,1,True
BBNI_8,BBNI Corp 8,Banking,1,0.7734595,0.2265405,0.7734595,1,True
BBNI_9,BBNI Corp 9,Banking,1,0.7669005,0.23309952,0.7669005,1,True
BBNI_10,BBNI Corp 10,Banking,1,0.8021295,0.1978705,0.8021295,1,True
BBNI_11,BBNI Corp 11,Banking,1,0.7230097,0.2769903,0.7230097,0,False
BBNI_12,BBNI Corp 12,Banking,1,0.69791716,0.30208284,0.69791716,1,True
BBNI_13,BBNI Corp 13,Banking,1,0.7846633,0.21533668,0.7846633,1,True
BBNI_14,BBNI Corp 14,Banking,1,0.6429745,0.3570255,0.6429745,1,True
BBNI_15,BBNI Corp 15,Banking,1,0.8052493,0.19475073,0.8052493,1,True
BBRI_0,BBRI Corp 0,Banking,1,0.7672355,0.23276448,0.7672355,1,True
BBRI_1,BBRI Corp 1,Banking,1,0.79958564,0.20041436,0.79958564,1,True
BBRI_2,BBRI Corp 2,Banking,1,0.7553027,0.24469727,0.7553027,1,True
BBRI_3,BBRI Corp 3,Banking,1,0.70502245,0.29497755,0.70502245,1,True
BBRI_4,BBRI Corp 4,Banking,1,0.79864335,0.20135665,0.79864335,1,True
BBRI_5,BBRI Corp 5,Banking,1,0.71913135,0.28086865,0.71913135,1,True
BBRI_6,BBRI Corp 6,Banking,1,0.74044997,0.25955003,0.74044997,1,True
BBRI_7,BBRI Corp 7,Banking,1,0.7562668,0.24373323,0.7562668,1,True
BBRI_8,BBRI Corp 8,Banking,1,0.7646982,0.2353018,0.7646982,1,True
BBRI_9,BBRI Corp 9,Banking,1,0.77425474,0.22574526,0.77425474,1,True
BBRI_10,BBRI Corp 10,Banking,1,0.80929154,0.19070846,0.80929154,1,True
BBRI_11,BBRI Corp 11,Banking,1,0.7442805,0.25571948,0.7442805,1,True
BBRI_12,BBRI Corp 12,Banking,1,0.76337504,0.23662496,0.76337504,1,True
BBRI_13,BBRI Corp 13,Banking,1,0.6355408,0.36445922,0.6355408,1,True
BBRI_14,BBRI Corp 14,Banking,1,0.7288236,0.2711764,0.7288236,1,True
BBRI_15,BBRI Corp 15,Banking,1,0.6384446,0.3615554,0.6384446,1,True
BBTN_0,BBTN Corp 0,Banking,1,0.60782295,0.39217705,0.60782295,0,False
BBTN_1,BBTN Corp 1,Banking,1,0.7449361,0.2550639,0.7449361,1,True
BBTN_2,BBTN Corp 2,Banking,1,0.7557071,0.24429291,0.7557071,1,True
BBTN_3,BBTN Corp 3,Banking,1,0.71358544,0.28641456,0.71358544,1,True
BBTN_4,BBTN Corp 4,Banking,1,0.7286229,0.2713771,0.7286229,1,True
BBTN_5,BBTN Corp 5,Banking,1,0.6679918,0.33200818,0.6679918,1,True
BBTN_6,BBTN Corp 6,Banking,1,0.6980593,0.30194068,0.6980593,1,True
BBTN_7,BBTN Corp 7,Banking,1,0.7609478,0.23905218,0.7609478,1,True
BBTN_8,BBTN Corp 8,Banking,1,0.69412345,0.30587655,0.69412345,1,True
BBTN_9,BBTN Corp 9,Banking,1,0.75869936,0.24130064,0.75869936,1,True
BBTN_10,BBTN Corp 10,Banking,1,0.669192,0.33080798,0.669192,1,True
BBTN_11,BBTN Corp 11,Banking,1,0.7901797,0.20982027,0.7901797,1,True
BBTN_12,BBTN Corp 12,Banking,1,0.7147522,0.2852478,0.7147522,1,True
BBTN_13,BBTN Corp 13,Banking,1,0.74978095,0.25021905,0.74978095,1,True
BBTN_14,BBTN Corp 14,Banking,1,0.77077883,0.22922117,0.77077883,1,True
BBTN_15,BBTN Corp 15,Banking,1,0.75592905,0.24407095,0.75592905,1,True
BJBR_0,BJBR Corp 0,Banking,1,0.77434,0.22566003,0.77434,1,True
BJBR_1,BJBR Corp 1,Banking,1,0.57790226,0.42209774,0.57790226,0,False
BJBR_2,BJBR Corp 2,Banking,1,0.78334606,0.21665394,0.78334606,1,True
BJBR_3,BJBR Corp 3,Banking,1,0.70064324,0.29935676,0.70064324,1,True
BJBR_4,BJBR Corp 4,Banking,1,0.79952765,0.20047235,0.79952765,1,True
BJBR_5,BJBR Corp 5,Banking,1,0.73890257,0.26109743,0.73890257,1,True
BJBR_6,BJBR Corp 6,Banking,1,0.68958145,0.31041855,0.68958145,1,True
BJBR_7,BJBR Corp 7,Banking,1,0.7604336,0.23956639,0.7604336,1,True
BJBR_8,BJBR Corp 8,Banking,1,0.7301908,0.2698092,0.7301908,1,True
BJBR_9,BJBR Corp 9,Banking,1,0.783098,0.21690202,0.783098,1,True
BJBR_10,BJBR Corp 10,Banking,1,0.76337904,0.23662096,0.76337904,1,True
BJBR_11,BJBR Corp 11,Banking,1,0.77734464,0.22265536,0.77734464,1,True
BJBR_12,BJBR Corp 12,Banking,1,0.8120956,0.18790442,0.8120956,1,True
BJBR_13,BJBR Corp 13,Banking,1,0.81002295,0.18997705,0.81002295,1,True
BJBR_14,BJBR Corp 14,Banking,1,0.74488467,0.25511533,0.74488467,1,True
BJBR_15,BJBR Corp 15,Banking,1,0.7766171,0.22338289,0.7766171,1,True
TLKM_0,TLKM Corp 0,Telecommunications,1,0.78078693,0.21921307,0.78078693,1,True
TLKM_1,TLKM Corp 1,Telecommunications,1,0.7840839,0.2159161,0.7840839,1,True
TLKM_2,TLKM Corp 2,Telecommunications,1,0.59138864,0.40861136,0.59138864,0,False
TLKM_3,TLKM Corp 3,Telecommunications,1,0.7778321,0.22216791,0.7778321,1,True
TLKM_4,TLKM Corp 4,Telecommunications,1,0.7081349,0.2918651,0.7081349,1,True
TLKM_5,TLKM Corp 5,Telecommunications,1,0.80683774,0.19316226,0.80683774,1,True
TLKM_6,TLKM Corp 6,Telecommunications,1,0.68757194,0.31242806,0.68757194,1,True
TLKM_7,TLKM Corp 7,Telecommunications,1,0.6828336,0.3171664,0.6828336,1,True
TLKM_8,TLKM Corp 8,Telecommunications,1,0.7512816,0.24871838,0.7512816,1,True
TLKM_9,TLKM Corp 9,Telecommunications,1,0.76812464,0.23187536,0.76812464,1,True
TLKM_10,TLKM Corp 10,Telecommunications,1,0.6663863,0.3336137,0.6663863,1,True
TLKM_11,TLKM Corp 11,Telecommunications,1,0.72128934,0.27871066,0.72128934,1,True
TLKM_12,TLKM Corp 12,Telecommunications,1,0.7893377,0.2106623,0.7893377,1,True
TLKM_13,TLKM Corp 13,Telecommunications,1,0.7505074,0.24949259,0.7505074,1,True
TLKM_14,TLKM Corp 14,Telecommunications,1,0.783785,0.21621501,0.783785,1,True
TLKM_15,TLKM Corp 15,Telecommunications,1,0.73185843,0.26814157,0.73185843,1,True
INDF_0,INDF Corp 0,Food & Beverage,1,0.78288233,0.21711767,0.78288233,1,True
INDF_1,INDF Corp 1,Food & Beverage,1,0.70633906,0.29366094,0.70633906,1,True
INDF_2,INDF Corp 2,Food & Beverage,1,0.7941518,0.20584822,0.7941518,1,True
INDF_3,INDF Corp 3,Food & Beverage,1,0.72953856,0.27046144,0.72953856,1,True
INDF_4,INDF Corp 4,Food & Beverage,1,0.7937859,0.20621407,0.7937859,1,True
INDF_5,INDF Corp 5,Food & Beverage,1,0.7816374,0.21836263,0.7816374,1,True
INDF_6,INDF Corp 6,Food & Beverage,1,0.8028335,0.1971665,0.8028335,1,True
INDF_7,INDF Corp 7,Food & Beverage,1,0.61773074,0.38226926,0.61773074,0,False
INDF_8,INDF Corp 8,Food & Beverage,1,0.7476337,0.2523663,0.7476337,1,True
INDF_9,INDF Corp 9,Food & Beverage,1,0.7897179,0.21028209,0.7897179,1,True
INDF_10,INDF Corp 10,Food & Beverage,1,0.8055823,0.19441772,0.8055823,1,True
INDF_11,INDF Corp 11,Food & Beverage,1,0.69421464,0.30578536,0.69421464,1,True
INDF_12,INDF Corp 12,Food & Beverage,1,0.64347124,0.35652876,0.64347124,1,True
INDF_13,INDF Corp 13,Food & Beverage,1,0.7715988,0.22840118,0.7715988,1,True
INDF_14,INDF Corp 14,Food & Beverage,1,0.7235125,0.27648753,0.7235125,1,True
INDF_15,INDF Corp 15,Food & Beverage,1,0.80432624,0.19567376,0.80432624,1,True
UNVR_0,UNVR Corp 0,Consumer Goods,1,0.75627536,0.24372464,0.75627536,1,True
UNVR_1,UNVR Corp 1,Consumer Goods,1,0.7759866,0.22401339,0.7759866,1,True
UNVR_2,UNVR Corp 2,Consumer Goods,1,0.7916707,0.20832932,0.7916707,1,True
UNVR_3,UNVR Corp 3,Consumer Goods,1,0.79617697,0.20382303,0.79617697,1,True
UNVR_4,UNVR Corp 4,Consumer Goods,1,0.7269092,0.27309078,0.7269092,1,True
UNVR_5,UNVR Corp 5,Consumer Goods,1,0.7904073,0.2095927,0.7904073,1,True
UNVR_6,UNVR Corp 6,Consumer Goods,1,0.7767354,0.22326458,0.7767354,1,True
UNVR_7,UNVR Corp 7,Consumer Goods,1,0.78825927,0.21174073,0.78825927,1,True
UNVR_8,UNVR Corp 8,Consumer Goods,1,0.61056787,0.38943213,0.61056787,0,False
UNVR_9,UNVR Corp 9,Consumer Goods,1,0.7358934,0.26410657,0.7358934,1,True
UNVR_10,UNVR Corp 10,Consumer Goods,1,0.79061604,0.20938396,0.79061604,1,True
UNVR_11,UNVR Corp 11,Consumer Goods,1,0.7468398,0.25316018,0.7468398,1,True
UNVR_12,UNVR Corp 12,Consumer Goods,1,0.7285461,0.27145392,0.7285461,1,True
UNVR_13,UNVR Corp 13,Consumer Goods,1,0.6722912,0.32770878,0.6722912,1,True
UNVR_14,UNVR Corp 14,Consumer Goods,1,0.7511476,0.24885237,0.7511476,1,True
UNVR_15,UNVR Corp 15,Consumer Goods,1,0.7934381,0.20656192,0.7934381,1,True
PGAS_0,PGAS Corp 0,Energy,1,0.7111637,0.2888363,0.7111637,1,True
PGAS_1,PGAS Corp 1,Energy,1,0.77228445,0.22771555,0.77228445,1,True
PGAS_2,PGAS Corp 2,Energy,1,0.7796512,0.22034878,0.7796512,1,True
PGAS_3,PGAS Corp 3,Energy,1,0.7733083,0.22669172,0.7733083,1,True
PGAS_4,PGAS Corp 4,Energy,1,0.59923166,0.40076834,0.59923166,1,True
PGAS_5,PGAS Corp 5,Energy,1,0.76680994,0.23319006,0.76680994,1,True
PGAS_6,PGAS Corp 6,Energy,1,0.7387796,0.2612204,0.7387796,1,True
PGAS_7,PGAS Corp 7,Energy,1,0.78118396,0.21881604,0.78118396,1,True
PGAS_8,PGAS Corp 8,Energy,1,0.7311129,0.2688871,0.7311129,1,True
PGAS_9,PGAS Corp 9,Energy,1,0.7620643,0.23793572,0.7620643,1,True
PGAS_10,PGAS Corp 10,Energy,1,0.72592115,0.27407885,0.72592115,1,True
PGAS_11,PGAS Corp 11,Energy,1,0.7531574,0.24684262,0.7531574,1,True
PGAS_12,PGAS Corp 12,Energy,1,0.7717172,0.22828281,0.7717172,1,True
PGAS_13,PGAS Corp 13,Energy,1,0.63888544,0.36111456,0.63888544,0,False
PGAS_14,PGAS Corp 14,Energy,1,0.78272265,0.21727735,0.78272265,1,True
PGAS_15,PGAS Corp 15,Energy,1,0.8189619,0.18103808,0.8189619,1,True
WIKA_0,WIKA Corp 0,Construction,1,0.78101224,0.21898776,0.78101224,1,True
WIKA_1,WIKA Corp 1,Construction,1,0.68260294,0.31739706,0.68260294,1,True
WIKA_2,WIKA Corp 2,Construction,1,0.79480267,0.20519733,0.79480267,1,True
WIKA_3,WIKA Corp 3,Construction,1,0.76684207,0.23315793,0.76684207,1,True
WIKA_4,WIKA Corp 4,Construction,1,0.77663845,0.22336155,0.77663845,1,True
WIKA_5,WIKA Corp 5,Construction,1,0.7124492,0.2875508,0.7124492,1,True
WIKA_6,WIKA Corp 6,Construction,1,0.74546355,0.25453645,0.74546355,1,True
WIKA_7,WIKA Corp 7,Construction,1,0.7463208,0.25367922,0.7463208,1,True
WIKA_8,WIKA Corp 8,Construction,1,0.7722964,0.22770357,0.7722964,1,True
WIKA_9,WIKA Corp 9,Construction,1,0.77518284,0.22481716,0.77518284,1,True
WIKA_10,WIKA Corp 10,Construction,1,0.7679857,0.2320143,0.7679857,1,True
WIKA_11,WIKA Corp 11,Construction,1,0.76412135,0.23587865,0.76412135,1,True
WIKA_12,WIKA Corp 12,Construction,1,0.7016136,0.2983864,0.7016136,1,True
WIKA_13,WIKA Corp 13,Construction,1,0.72933054,0.27066946,0.72933054,1,True
WIKA_14,WIKA Corp 14,Construction,1,0.62833077,0.37166923,0.62833077,0,False
WIKA_15,WIKA Corp 15,Construction,1,0.7227695,0.2772305,0.7227695,1,True
ADRO_0,ADRO Corp 0,Coal Mining,1,0.7303732,0.2696268,0.7303732,1,True
ADRO_1,ADRO Corp 1,Coal Mining,1,0.7773756,0.22262442,0.7773756,1,True
ADRO_2,ADRO Corp 2,Coal Mining,1,0.591867,0.40813297,0.591867,1,True
ADRO_3,ADRO Corp 3,Coal Mining,1,0.7556006,0.24439943,0.7556006,1,True
ADRO_4,ADRO Corp 4,Coal Mining,1,0.7919577,0.20804232,0.7919577,1,True
ADRO_5,ADRO Corp 5,Coal Mining,1,0.7885894,0.21141058,0.7885894,1,True
ADRO_6,ADRO Corp 6,Coal Mining,1,0.77851814,0.22148186,0.77851814,1,True
ADRO_7,ADRO Corp 7,Coal Mining,1,0.7621761,0.2378239,0.7621761,1,True
ADRO_8,ADRO Corp 8,Coal Mining,1,0.78288233,0.21711767,0.78288233,1,True
ADRO_9,ADRO Corp 9,Coal Mining,1,0.70633906,0.29366094,0.70633906,1,True
ADRO_10,ADRO Corp 10,Coal Mining,1,0.7896643,0.21033567,0.7896643,1,True
ADRO_11,ADRO Corp 11,Coal Mining,1,0.73503965,0.26496035,0.73503965,1,True
ADRO_12,ADRO Corp 12,Coal Mining,1,0.7915951,0.2084049,0.7915951,1,True
ADRO_13,ADRO Corp 13,Coal Mining,1,0.7832358,0.21676421,0.7832358,1,True
ADRO_14,ADRO Corp 14,Coal Mining,1,0.8028335,0.1971665,0.8028335,1,True
ADRO_15,ADRO Corp 15,Coal Mining,1,0.6335747,0.36642528,0.6335747,0,False
ITMG_0,ITMG Corp 0,Coal Mining,1,0.7484848,0.2515152,0.7484848,1,True
ITMG_1,ITMG Corp 1,Coal Mining,1,0.79300255,0.20699745,0.79300255,1,True
ITMG_2,ITMG Corp 2,Coal Mining,1,0.8055823,0.19441772,0.8055823,1,True
ITMG_3,ITMG Corp 3,Coal Mining,1,0.69421464,0.30578536,0.69421464,1,True
ITMG_4,ITMG Corp 4,Coal Mining,1,0.6423999,0.3576001,0.6423999,1,True
ITMG_5,ITMG Corp 5,Coal Mining,1,0.77314496,0.22685504,0.77314496,1,True
ITMG_6,ITMG Corp 6,Coal Mining,1,0.72034913,0.27965087,0.72034913,1,True
ITMG_7,ITMG Corp 7,Coal Mining,1,0.80432624,0.19567376,0.80432624,1,True
ITMG_8,ITMG Corp 8,Coal Mining,1,0.74898154,0.25101846,0.74898154,1,True
ITMG_9,ITMG Corp 9,Coal Mining,1,0.7537029,0.24629712,0.7537029,1,True
ITMG_10,ITMG Corp 10,Coal Mining,1,0.7912593,0.20874071,0.7912593,1,True
ITMG_11,ITMG Corp 11,Coal Mining,1,0.7376501,0.2623499,0.7376501,1,True
ITMG_12,ITMG Corp 12,Coal Mining,1,0.778504,0.22149599,0.778504,1,True
ITMG_13,ITMG Corp 13,Coal Mining,1,0.7904073,0.2095927,0.7904073,1,True
ITMG_14,ITMG Corp 14,Coal Mining,1,0.7830035,0.21699649,0.7830035,1,True
ITMG_15,ITMG Corp 15,Coal Mining,1,0.7250947,0.27490532,0.7250947,1,True
INCO_0,INCO Corp 0,Mining,1,0.7459448,0.2540552,0.7459448,1,True
INCO_1,INCO Corp 1,Mining,1,0.7453356,0.25466442,0.7453356,1,True
INCO_2,INCO Corp 2,Mining,1,0.7971581,0.20284188,0.7971581,1,True
INCO_3,INCO Corp 3,Mining,1,0.75018936,0.24981064,0.75018936,1,True
INCO_4,INCO Corp 4,Mining,1,0.5545389,0.4454611,0.5545389,0,False
INCO_5,INCO Corp 5,Mining,1,0.73486763,0.26513237,0.73486763,1,True
INCO_6,INCO Corp 6,Mining,1,0.7450274,0.25497258,0.7450274,1,True
INCO_7,INCO Corp 7,Mining,1,0.7937924,0.20620757,0.7937924,1,True
INCO_8,INCO Corp 8,Mining,1,0.6725665,0.32743353,0.6725665,1,True
INCO_9,INCO Corp 9,Mining,1,0.7943343,0.20566571,0.7943343,1,True
INCO_10,INCO Corp 10,Mining,1,0.75720626,0.24279374,0.75720626,1,True
INCO_11,INCO Corp 11,Mining,1,0.791696,0.20830399,0.791696,1,True
INCO_12,INCO Corp 12,Mining,1,0.60434437,0.39565563,0.60434437,1,True
INCO_13,INCO Corp 13,Mining,1,0.74511516,0.25488484,0.74511516,1,True
INCO_14,INCO Corp 14,Mining,1,0.7511843,0.24881572,0.7511843,1,True
INCO_15,INCO Corp 15,Mining,1,0.77852786,0.22147214,0.77852786,1,True
TINS_0,TINS Corp 0,Mining,1,0.74432456,0.25567544,0.74432456,1,True
TINS_1,TINS Corp 1,Mining,1,0.7577269,0.24227309,0.7577269,1,True
TINS_2,TINS Corp 2,Mining,1,0.7917242,0.2082758,0.7917242,1,True
TINS_3,TINS Corp 3,Mining,1,0.7552665,0.24473351,0.7552665,1,True
TINS_4,TINS Corp 4,Mining,1,0.7773392,0.22266078,0.7773392,1,True
TINS_5,TINS Corp 5,Mining,1,0.6986779,0.3013221,0.6986779,0,False
TINS_6,TINS Corp 6,Mining,1,0.7896419,0.21035808,0.7896419,1,True
TINS_7,TINS Corp 7,Mining,1,0.806121,0.19387901,0.806121,1,True
TINS_8,TINS Corp 8,Mining,1,0.7529066,0.24709338,0.7529066,1,True
TINS_9,TINS Corp 9,Mining,1,0.6524496,0.3475504,0.6524496,1,True
TINS_10,TINS Corp 10,Mining,1,0.80343145,0.19656855,0.80343145,1,True
TINS_11,TINS Corp 11,Mining,1,0.7685438,0.23145622,0.7685438,1,True
TINS_12,TINS Corp 12,Mining,1,0.79542714,0.20457286,0.79542714,1,True
TINS_13,TINS Corp 13,Mining,1,0.7814267,0.21857327,0.7814267,1,True
TINS_14,TINS Corp 14,Mining,1,0.75458133,0.24541867,0.75458133,1,True
TINS_15,TINS Corp 15,Mining,1,0.767155,0.23284501,0.767155,1,True
BREN_0,BREN Corp 0,Energy,1,0.7999505,0.20004952,0.7999505,1,True
BREN_1,BREN Corp 1,Energy,1,0.7840634,0.2159366,0.7840634,1,True
BREN_2,BREN Corp 2,Energy,1,0.7681144,0.23188561,0.7681144,1,True
BREN_3,BREN Corp 3,Energy,1,0.7623845,0.23761553,0.7623845,1,True
BREN_4,BREN Corp 4,Energy,1,0.70178485,0.29821515,0.70178485,1,True
BREN_5,BREN Corp 5,Energy,1,0.7246743,0.27532572,0.7246743,1,True
BREN_6,BREN Corp 6,Energy,1,0.63461024,0.36538976,0.63461024,1,True
BREN_7,BREN Corp 7,Energy,1,0.7746732,0.22532678,0.7746732,1,True
BREN_8,BREN Corp 8,Energy,1,0.7525578,0.24744219,0.7525578,1,True
BREN_9,BREN Corp 9,Energy,1,0.7712091,0.22879088,0.7712091,1,True
BREN_10,BREN Corp 10,Energy,1,0.58746433,0.41253567,0.58746433,0,False
BREN_11,BREN Corp 11,Energy,1,0.7556006,0.24439943,0.7556006,1,True
BREN_12,BREN Corp 12,Energy,1,0.7919577,0.20804232,0.7919577,1,True
BREN_13,BREN Corp 13,Energy,1,0.78437936,0.21562064,0.78437936,1,True
BREN_14,BREN Corp 14,Energy,1,0.77753603,0.22246397,0.77753603,1,True
BREN_15,BREN Corp 15,Energy,1,0.7636928,0.2363072,0.7636928,1,True
SMGR_0,SMGR Corp 0,Cement,1,0.7837143,0.2162857,0.7837143,1,True
SMGR_1,SMGR Corp 1,Cement,1,0.7006549,0.29934508,0.7006549,1,True
SMGR_2,SMGR Corp 2,Cement,1,0.7896643,0.21033567,0.7896643,1,True
SMGR_3,SMGR Corp 3,Cement,1,0.73503965,0.26496035,0.73503965,1,True
SMGR_4,SMGR Corp 4,Cement,1,0.7941683,0.2058317,0.7941683,1,True
SMGR_5,SMGR Corp 5,Cement,1,0.7885509,0.21144909,0.7885509,1,True
SMGR_6,SMGR Corp 6,Cement,1,0.79862356,0.20137644,0.79862356,1,True
SMGR_7,SMGR Corp 7,Cement,1,0.7233424,0.27665758,0.7233424,1,True
SMGR_8,SMGR Corp 8,Cement,1,0.75623435,0.24376565,0.75623435,1,True
SMGR_9,SMGR Corp 9,Cement,1,0.7813065,0.2186935,0.7813065,1,True
SMGR_10,SMGR Corp 10,Cement,1,0.81447226,0.18552774,0.81447226,1,True
SMGR_11,SMGR Corp 11,Cement,1,0.6227761,0.3772239,0.6227761,0,False
SMGR_12,SMGR Corp 12,Cement,1,0.6403616,0.3596384,0.6403616,1,True
SMGR_13,SMGR Corp 13,Cement,1,0.77314496,0.22685504,0.77314496,1,True
SMGR_14,SMGR Corp 14,Cement,1,0.72034913,0.27965087,0.72034913,1,True
SMGR_15,SMGR Corp 15,Cement,1,0.8029095,0.1970905,0.8029095,1,True
CPRO_0,CPRO Corp 0,Property,1,0.7695679,0.2304321,0.7695679,1,True
CPRO_1,CPRO Corp 1,Property,1,0.76306057,0.23693943,0.76306057,1,True
CPRO_2,CPRO Corp 2,Property,1,0.8077115,0.19228852,0.8077115,1,True
CPRO_3,CPRO Corp 3,Property,1,0.7335839,0.26641607,0.7335839,1,True
CPRO_4,CPRO Corp 4,Property,1,0.7660647,0.2339353,0.7660647,1,True
CPRO_5,CPRO Corp 5,Property,1,0.78284824,0.21715176,0.78284824,1,True
CPRO_6,CPRO Corp 6,Property,1,0.79270905,0.20729095,0.79270905,1,True
CPRO_7,CPRO Corp 7,Property,1,0.6908274,0.30917257,0.6908274,1,True
CPRO_8,CPRO Corp 8,Property,1,0.7485024,0.25149763,0.7485024,1,True
CPRO_9,CPRO Corp 9,Property,1,0.73654497,0.26345503,0.73654497,1,True
CPRO_10,CPRO Corp 10,Property,1,0.79734975,0.20265025,0.79734975,1,True
CPRO_11,CPRO Corp 11,Property,1,0.75018936,0.24981064,0.75018936,1,True
CPRO_12,CPRO Corp 12,Property,1,0.5417935,0.45820647,0.5417935,0,False
CPRO_13,CPRO Corp 13,Property,1,0.74463457,0.25536543,0.74463457,1,True
CPRO_14,CPRO Corp 14,Property,1,0.7839979,0.2160021,0.7839979,1,True
CPRO_15,CPRO Corp 15,Property,1,0.7875689,0.21243107,0.7875689,1,True
LPKR_0,LPKR Corp 0,Real Estate,1,0.63052046,0.36947954,0.63052046,0,False
LPKR_1,LPKR Corp 1,Real Estate,1,0.7925417,0.20745832,0.7925417,1,True
LPKR_2,LPKR Corp 2,Real Estate,1,0.74637914,0.25362086,0.74637914,1,True
LPKR_3,LPKR Corp 3,Real Estate,1,0.78965086,0.21034914,0.78965086,1,True
LPKR_4,LPKR Corp 4,Real Estate,1,0.6005978,0.3994022,0.6005978,1,True
LPKR_5,LPKR Corp 5,Real Estate,1,0.7469507,0.2530493,0.7469507,1,True
LPKR_6,LPKR Corp 6,Real Estate,1,0.7511843,0.24881572,0.7511843,1,True
LPKR_7,LPKR Corp 7,Real Estate,1,0.77229846,0.22770154,0.77229846,1,True
LPKR_8,LPKR Corp 8,Real Estate,1,0.74343544,0.25656456,0.74343544,1,True
LPKR_9,LPKR Corp 9,Real Estate,1,0.75109947,0.24890053,0.75109947,1,True
LPKR_10,LPKR Corp 10,Real Estate,1,0.7899149,0.2100851,0.7899149,1,True
LPKR_11,LPKR Corp 11,Real Estate,1,0.7706512,0.22934878,0.7706512,1,True
LPKR_12,LPKR Corp 12,Real Estate,1,0.77087504,0.22912496,0.77087504,1,True
LPKR_13,LPKR Corp 13,Real Estate,1,0.70240664,0.29759336,0.70240664,1,True
LPKR_14,LPKR Corp 14,Real Estate,1,0.78773165,0.21226835,0.78773165,1,True
LPKR_15,LPKR Corp 15,Real Estate,1,0.80201477,0.19798523,0.80201477,1,True
BKSL_0,BKSL Corp 0,Retail,1,0.74033135,0.25966865,0.74033135,1,True
BKSL_1,BKSL Corp 1,Retail,1,0.6317332,0.36826682,0.6317332,0,False
BKSL_2,BKSL Corp 2,Retail,1,0.80007136,0.19992864,0.80007136,1,True
BKSL_3,BKSL Corp 3,Retail,1,0.73376906,0.26623094,0.73376906,1,True
BKSL_4,BKSL Corp 4,Retail,1,0.7960438,0.20395619,0.7960438,1,True
BKSL_5,BKSL Corp 5,Retail,1,0.7778851,0.22211492,0.7778851,1,True
BKSL_6,BKSL Corp 6,Retail,1,0.74895537,0.25104463,0.74895537,1,True
BKSL_7,BKSL Corp 7,Retail,1,0.77609783,0.22390217,0.77609783,1,True
BKSL_8,BKSL Corp 8,Retail,1,0.79302424,0.20697576,0.79302424,1,True
BKSL_9,BKSL Corp 9,Retail,1,0.74736714,0.25263286,0.74736714,1,True
BKSL_10,BKSL Corp 10,Retail,1,0.7415568,0.25844318,0.7415568,1,True
BKSL_11,BKSL Corp 11,Retail,1,0.7726014,0.22739857,0.7726014,1,True
BKSL_12,BKSL Corp 12,Retail,1,0.679364,0.32063597,0.679364,1,True
BKSL_13,BKSL Corp 13,Retail,1,0.73863554,0.26136446,0.73863554,1,True
BKSL_14,BKSL Corp 14,Retail,1,0.6770241,0.32297587,0.6770241,1,True
BKSL_15,BKSL Corp 15,Retail,1,0.78872377,0.21127623,0.78872377,1,True
MAPI_0,MAPI Corp 0,Printing,1,0.7699571,0.23004287,0.7699571,1,True
MAPI_1,MAPI Corp 1,Printing,1,0.7212891,0.2787109,0.7212891,1,True
MAPI_2,MAPI Corp 2,Printing,1,0.674323,0.32567698,0.674323,0,False
MAPI_3,MAPI Corp 3,Printing,1,0.74545366,0.25454634,0.74545366,1,True
MAPI_4,MAPI Corp 4,Printing,1,0.79568976,0.20431024,0.79568976,1,True
MAPI_5,MAPI Corp 5,Printing,1,0.75160104,0.24839896,0.75160104,1,True
MAPI_6,MAPI Corp 6,Printing,1,0.75545675,0.24454325,0.75545675,1,True
MAPI_7,MAPI Corp 7,Printing,1,0.74240094,0.25759906,0.74240094,1,True
MAPI_8,MAPI Corp 8,Printing,1,0.7911299,0.20887011,0.7911299,1,True
MAPI_9,MAPI Corp 9,Printing,1,0.680774,0.31922603,0.680774,1,True
MAPI_10,MAPI Corp 10,Printing,1,0.7687233,0.23127669,0.7687233,1,True
MAPI_11,MAPI Corp 11,Printing,1,0.7406961,0.25930393,0.7406961,1,True
MAPI_12,MAPI Corp 12,Printing,1,0.7892385,0.21076149,0.7892385,1,True
MAPI_13,MAPI Corp 13,Printing,1,0.79765093,0.20234907,0.79765093,1,True
MAPI_14,MAPI Corp 14,Printing,1,0.7778892,0.22211081,0.7778892,1,True
MAPI_15,MAPI Corp 15,Printing,1,0.7531906,0.24680942,0.7531906,1,True
INDY_0,INDY Corp 0,Beverages (Alcohol),0,0.16378571,0.8362143,0.8362143,0,True
INDY_1,INDY Corp 1,Beverages (Alcohol),0,0.16133691,0.8386631,0.8386631,0,True
INDY_2,INDY Corp 2,Beverages (Alcohol),0,0.17643866,0.8235613,0.8235613,0,True
INDY_3,INDY Corp 3,Beverages (Alcohol),0,0.14869711,0.85130286,0.85130286,0,True
INDY_4,INDY Corp 4,Beverages (Alcohol),0,0.16341312,0.8365869,0.8365869,0,True
INDY_5,INDY Corp 5,Beverages (Alcohol),0,0.16058323,0.83941674,0.83941674,0,True
INDY_6,INDY Corp 6,Beverages (Alcohol),0,0.15850662,0.84149337,0.84149337,0,True
INDY_7,INDY Corp 7,Beverages (Alcohol),0,0.15227301,0.847727,0.847727,0,True
INDY_8,INDY Corp 8,Beverages (Alcohol),0,0.16955326,0.8304467,0.8304467,0,True
INDY_9,INDY Corp 9,Beverages (Alcohol),0,0.15927447,0.84072554,0.84072554,0,True
INDY_10,INDY Corp 10,Beverages (Alcohol),0,0.1601404,0.8398596,0.8398596,0,True
INDY_11,INDY Corp 11,Beverages (Alcohol),0,0.14922756,0.85077244,0.85077244,0,True
INDY_12,INDY Corp 12,Beverages (Alcohol),0,0.15978238,0.8402176,0.8402176,0,True
INDY_13,INDY Corp 13,Beverages (Alcohol),0,0.16658132,0.83341867,0.83341867,0,True
INDY_14,INDY Corp 14,Beverages (Alcohol),0,0.16123196,0.838768,0.838768,0,True
INDY_15,INDY Corp 15,Beverages (Alcohol),0,0.16500637,0.8349936,0.8349936,0,True
GGRM_0,GGRM Corp 0,Tobacco,0,0.13961606,0.8603839,0.8603839,0,True
GGRM_1,GGRM Corp 1,Tobacco,0,0.14223306,0.8577669,0.8577669,0,True
GGRM_2,GGRM Corp 2,Tobacco,0,0.14584415,0.85415584,0.85415584,0,True
GGRM_3,GGRM Corp 3,Tobacco,0,0.14006433,0.85993564,0.85993564,0,True
GGRM_4,GGRM Corp 4,Tobacco,0,0.13296354,0.86703646,0.86703646,0,True
GGRM_5,GGRM Corp 5,Tobacco,0,0.14058122,0.85941875,0.85941875,0,True
GGRM_6,GGRM Corp 6,Tobacco,0,0.14554596,0.85445404,0.85445404,0,True
GGRM_7,GGRM Corp 7,Tobacco,0,0.13916476,0.86083525,0.86083525,0,True
GGRM_8,GGRM Corp 8,Tobacco,0,0.13511862,0.8648814,0.8648814,0,True
GGRM_9,GGRM Corp 9,Tobacco,0,0.14197053,0.8580295,0.8580295,0,True
GGRM_10,GGRM Corp 10,Tobacco,0,0.14462486,0.8553752,0.8553752,0,True
GGRM_11,GGRM Corp 11,Tobacco,0,0.14264725,0.85735273,0.85735273,0,True
GGRM_12,GGRM Corp 12,Tobacco,0,0.13998689,0.8600131,0.8600131,0,True
GGRM_13,GGRM Corp 13,Tobacco,0,0.1368681,0.8631319,0.8631319,0,True
GGRM_14,GGRM Corp 14,Tobacco,0,0.14631628,0.8536837,0.8536837,0,True
GGRM_15,GGRM Corp 15,Tobacco,0,0.14338474,0.85661525,0.85661525,0,True
HMSP_0,HMSP Corp 0,Tobacco,0,0.13770469,0.8622953,0.8622953,0,True
HMSP_1,HMSP Corp 1,Tobacco,0,0.14112066,0.8588793,0.8588793,0,True
HMSP_2,HMSP Corp 2,Tobacco,0,0.14377786,0.85622215,0.85622215,0,True
HMSP_3,HMSP Corp 3,Tobacco,0,0.1400433,0.8599567,0.8599567,0,True
HMSP_4,HMSP Corp 4,Tobacco,0,0.13914807,0.86085194,0.86085194,0,True
HMSP_5,HMSP Corp 5,Tobacco,0,0.13662043,0.8633796,0.8633796,0,True
HMSP_6,HMSP Corp 6,Tobacco,0,0.14288382,0.85711616,0.85711616,0,True
HMSP_7,HMSP Corp 7,Tobacco,0,0.14796886,0.8520311,0.8520311,0,True
HMSP_8,HMSP Corp 8,Tobacco,0,0.13663214,0.86336786,0.86336786,0,True
HMSP_9,HMSP Corp 9,Tobacco,0,0.14021784,0.85978216,0.85978216,0,True
HMSP_10,HMSP Corp 10,Tobacco,0,0.13905543,0.86094457,0.86094457,0,True
HMSP_11,HMSP Corp 11,Tobacco,0,0.14162898,0.858371,0.858371,0,True
HMSP_12,HMSP Corp 12,Tobacco,0,0.14403902,0.85596097,0.85596097,0,True
HMSP_13,HMSP Corp 13,Tobacco,0,0.14197053,0.8580295,0.8580295,0,True
HMSP_14,HMSP Corp 14,Tobacco,0,0.14273453,0.8572655,0.8572655,0,True
HMSP_15,HMSP Corp 15,Tobacco,0,0.14008912,0.85991085,0.85991085,0,True
MLPL_0,MLPL Corp 0,Gaming,0,0.1436796,0.8563204,0.8563204,0,True
MLPL_1,MLPL Corp 1,Gaming,0,0.13974622,0.8602538,0.8602538,0,True
MLPL_2,MLPL Corp 2,Gaming,0,0.14366859,0.8563314,0.8563314,0,True
MLPL_3,MLPL Corp 3,Gaming,0,0.14131278,0.8586872,0.8586872,0,True
MLPL_4,MLPL Corp 4,Gaming,0,0.1448677,0.8551323,0.8551323,0,True
MLPL_5,MLPL Corp 5,Gaming,0,0.14781839,0.8521816,0.8521816,0,True
MLPL_6,MLPL Corp 6,Gaming,0,0.14061657,0.85938346,0.85938346,0,True
MLPL_7,MLPL Corp 7,Gaming,0,0.14765693,0.8523431,0.8523431,0,True
MLPL_8,MLPL Corp 8,Gaming,0,0.14438008,0.8556199,0.8556199,0,True
MLPL_9,MLPL Corp 9,Gaming,0,0.14621061,0.8537894,0.8537894,0,True
MLPL_10,MLPL Corp 10,Gaming,0,0.14019494,0.85980505,0.85980505,0,True
MLPL_11,MLPL Corp 11,Gaming,0,0.1441697,0.8558303,0.8558303,0,True
MLPL_12,MLPL Corp 12,Gaming,0,0.14857425,0.85142577,0.85142577,0,True
MLPL_13,MLPL Corp 13,Gaming,0,0.15567064,0.84432936,0.84432936,0,True
MLPL_14,MLPL Corp 14,Gaming,0,0.14331706,0.85668296,0.85668296,0,True
MLPL_15,MLPL Corp 15,Gaming,0,0.14778557,0.85221446,0.85221446,0,True
PJAA_0,PJAA Corp 0,Gambling,0,0.14406322,0.85593677,0.85593677,0,True
PJAA_1,PJAA Corp 1,Gambling,0,0.1495833,0.8504167,0.8504167,0,True
PJAA_2,PJAA Corp 2,Gambling,0,0.14178126,0.8582187,0.8582187,0,True
PJAA_3,PJAA Corp 3,Gambling,0,0.14453843,0.8554616,0.8554616,0,True
PJAA_4,PJAA Corp 4,Gambling,0,0.14651258,0.85348743,0.85348743,0,True
PJAA_5,PJAA Corp 5,Gambling,0,0.14282279,0.8571772,0.8571772,0,True
PJAA_6,PJAA Corp 6,Gambling,0,0.14846103,0.85153896,0.85153896,0,True
PJAA_7,PJAA Corp 7,Gambling,0,0.14179255,0.85820746,0.85820746,0,True
PJAA_8,PJAA Corp 8,Gambling,0,0.14494868,0.85505134,0.85505134,0,True
PJAA_9,PJAA Corp 9,Gambling,0,0.14139973,0.85860026,0.85860026,0,True
PJAA_10,PJAA Corp 10,Gambling,0,0.13960737,0.86039263,0.86039263,0,True
PJAA_11,PJAA Corp 11,Gambling,0,0.13579041,0.8642096,0.8642096,0,True
PJAA_12,PJAA Corp 12,Gambling,0,0.14475805,0.85524195,0.85524195,0,True
PJAA_13,PJAA Corp 13,Gambling,0,0.14025266,0.85974735,0.85974735,0,True
PJAA_14,PJAA Corp 14,Gambling,0,0.142581,0.857419,0.857419,0,True
PJAA_15,PJAA Corp 15,Gambling,0,0.13758406,0.8624159,0.8624159,0,True
CPIN_0,CPIN Corp 0,Poultry (Pork),1,0.7407634,0.25923657,0.7407634,1,True
CPIN_1,CPIN Corp 1,Poultry (Pork),1,0.65596306,0.34403694,0.65596306,1,True
CPIN_2,CPIN Corp 2,Poultry (Pork),1,0.7296878,0.2703122,0.7296878,1,True
CPIN_3,CPIN Corp 3,Poultry (Pork),0,0.42871815,0.57128185,0.57128185,0,True
CPIN_4,CPIN Corp 4,Poultry (Pork),1,0.6200071,0.3799929,0.6200071,1,True
CPIN_5,CPIN Corp 5,Poultry (Pork),1,0.6375214,0.3624786,0.6375214,1,True
CPIN_6,CPIN Corp 6,Poultry (Pork),1,0.656018,0.34398198,0.656018,1,True
CPIN_7,CPIN Corp 7,Poultry (Pork),0,0.49311423,0.50688577,0.50688577,0,True
CPIN_8,CPIN Corp 8,Poultry (Pork),1,0.6545709,0.34542912,0.6545709,1,True
CPIN_9,CPIN Corp 9,Poultry (Pork),1,0.635794,0.36420602,0.635794,1,True
CPIN_10,CPIN Corp 10,Poultry (Pork),1,0.6892499,0.31075013,0.6892499,1,True
CPIN_11,CPIN Corp 11,Poultry (Pork),0,0.2880696,0.7119304,0.7119304,0,True
CPIN_12,CPIN Corp 12,Poultry (Pork),0,0.2618152,0.7381848,0.7381848,1,False
CPIN_13,CPIN Corp 13,Poultry (Pork),0,0.30277497,0.69722503,0.69722503,1,False
CPIN_14,CPIN Corp 14,Poultry (Pork),0,0.31505126,0.68494874,0.68494874,1,False
CPIN_15,CPIN Corp 15,Poultry (Pork),0,0.1785152,0.8214848,0.8214848,0,True
ASTRA_0,ASTRA Corp 0,Automotive,1,0.704742,0.295258,0.704742,1,True
ASTRA_1,ASTRA Corp 1,Automotive,1,0.775863,0.22413701,0.775863,1,True
ASTRA_2,ASTRA Corp 2,Automotive,1,0.78600675,0.21399325,0.78600675,1,True
ASTRA_3,ASTRA Corp 3,Automotive,1,0.79360145,0.20639855,0.79360145,1,True
ASTRA_4,ASTRA Corp 4,Automotive,1,0.5645324,0.4354676,0.5645324,0,False
ASTRA_5,ASTRA Corp 5,Automotive,1,0.7661322,0.23386782,0.7661322,1,True
ASTRA_6,ASTRA Corp 6,Automotive,1,0.73341334,0.26658666,0.73341334,1,True
ASTRA_7,ASTRA Corp 7,Automotive,1,0.77425945,0.22574055,0.77425945,1,True
ASTRA_8,ASTRA Corp 8,Automotive,1,0.73429716,0.26570284,0.73429716,1,True
ASTRA_9,ASTRA Corp 9,Automotive,1,0.7704593,0.2295407,0.7704593,1,True
ASTRA_10,ASTRA Corp 10,Automotive,1,0.7820009,0.2179991,0.7820009,1,True
ASTRA_11,ASTRA Corp 11,Automotive,1,0.7972135,0.2027865,0.7972135,1,True
ASTRA_12,ASTRA Corp 12,Automotive,1,0.7613534,0.23864663,0.7613534,1,True
ASTRA_13,ASTRA Corp 13,Automotive,1,0.72604764,0.27395236,0.72604764,1,True
ASTRA_14,ASTRA Corp 14,Automotive,1,0.78996235,0.21003765,0.78996235,1,True
ASTRA_15,ASTRA Corp 15,Automotive,1,0.8110943,0.18890572,0.8110943,1,True
DOID_0,DOID Corp 0,Pharmaceutical,1,0.5854092,0.41459078,0.5854092,0,False
DOID_1,DOID Corp 1,Pharmaceutical,1,0.6272496,0.3727504,0.6272496,1,True
DOID_2,DOID Corp 2,Pharmaceutical,1,0.6590475,0.34095252,0.6590475,1,True
DOID_3,DOID Corp 3,Pharmaceutical,1,0.6677807,0.3322193,0.6677807,1,True
DOID_4,DOID Corp 4,Pharmaceutical,1,0.7464063,0.25359368,0.7464063,1,True
DOID_5,DOID Corp 5,Pharmaceutical,1,0.72979474,0.27020526,0.72979474,0,False
DOID_6,DOID Corp 6,Pharmaceutical,1,0.6608838,0.33911622,0.6608838,1,True
DOID_7,DOID Corp 7,Pharmaceutical,1,0.7269799,0.2730201,0.7269799,1,True
DOID_8,DOID Corp 8,Pharmaceutical,1,0.6269509,0.37304908,0.6269509,1,True
DOID_9,DOID Corp 9,Pharmaceutical,0,0.49761054,0.50238943,0.50238943,0,True
DOID_10,DOID Corp 10,Pharmaceutical,1,0.63225037,0.36774963,0.63225037,1,True
DOID_11,DOID Corp 11,Pharmaceutical,1,0.6569029,0.3430971,0.6569029,1,True
DOID_12,DOID Corp 12,Pharmaceutical,1,0.6041159,0.3958841,0.6041159,1,True
DOID_13,DOID Corp 13,Pharmaceutical,1,0.58056164,0.41943836,0.58056164,0,False
DOID_14,DOID Corp 14,Pharmaceutical,1,0.6441667,0.3558333,0.6441667,1,True
DOID_15,DOID Corp 15,Pharmaceutical,1,0.6448217,0.3551783,0.6448217,1,True
